{"cameraMode":{"drawMode":0,"name":"Shaded","section":"Shading Mode"},"sceneLighting":true,"audioPlay":false,"sceneViewState":{"showFog":true,"showMaterialUpdate":false,"showSkybox":true,"showFlares":true,"showImageEffects":true,"showParticleSystems":true},"in2DMode":false,"pivot":{"x":315.6993408203125,"y":305.77392578125,"z":-194.6845703125},"rotation":{"x":0.02849617786705494,"y":0.0014992348151281477,"z":-0.000042768220737343654,"w":0.9995927810668945},"size":562.0814208984375,"orthographic":true}