{"cameraMode":{"drawMode":0,"name":"Shaded","section":"Shading Mode"},"sceneLighting":true,"audioPlay":false,"sceneViewState":{"showFog":true,"showMaterialUpdate":false,"showSkybox":true,"showFlares":true,"showImageEffects":true,"showParticleSystems":true},"in2DMode":false,"pivot":{"x":506.659912109375,"y":76.83129119873047,"z":671.8154296875},"rotation":{"x":0.042589738965034488,"y":0.9132789373397827,"z":-0.09901939332485199,"w":0.39281409978866579},"size":384.9523620605469,"orthographic":true}