{"cameraMode":{"drawMode":0,"name":"Shaded","section":"Shading Mode"},"sceneLighting":false,"audioPlay":false,"sceneViewState":{"showFog":true,"showMaterialUpdate":false,"showSkybox":true,"showFlares":true,"showImageEffects":true,"showParticleSystems":true},"in2DMode":false,"pivot":{"x":-3.8896374702453615,"y":-0.08130806684494019,"z":0.4879988431930542},"rotation":{"x":-0.3046569526195526,"y":0.08329368382692337,"z":-0.02675549127161503,"w":-0.9484358429908752},"size":14.981592178344727,"orthographic":false}