{"cameraMode":{"drawMode":0,"name":"Shaded","section":"Shading Mode"},"sceneLighting":false,"audioPlay":false,"sceneViewState":{"showFog":true,"showMaterialUpdate":false,"showSkybox":true,"showFlares":true,"showImageEffects":true,"showParticleSystems":true},"in2DMode":false,"pivot":{"x":4.752868175506592,"y":-0.4770964980125427,"z":5.584370136260986},"rotation":{"x":0.12240086495876312,"y":-0.06813108175992966,"z":0.00842265784740448,"w":0.9901036620140076},"size":275.7351379394531,"orthographic":false}